,OLS,Tree,Forest,Lasso,Boosting,Elastic Net,Neural Network
0,1.2424944531689128,1.9556998018183527,2.007003185756149,2.190951844365842,2.3035414559819767,2.1552546761487124,1.4766122656327028
