,OLS,Tree,Forest,Lasso,Boosting,Elastic Net,Neural Network
0,1.9943361886278126,1.6626929087382498,1.9321023312224253,2.0507876692520615,2.0528459975604605,2.051318628639526,2.0225454968723127
