,OLS,Tree,Forest,Lasso,Boosting,Elastic Net,Neural Network
0,2.0952207359430304,1.5515471028654133,1.744690588849488,1.8092742717971209,1.8135240836046045,1.8127089156584955,1.9684044821505235
