,OLS,Tree,Forest,Lasso,Boosting,Elastic Net,Neural Network
0,1.666252040764789,1.37282482954191,1.5240871076772096,1.5073138295633035,1.520927945875364,1.5089308244953805,1.128680035709194
